Alice22: Alice Johnson
Bob111: Bob Smith
Carol789: Carol Lee
Dave56: Dave Martin
Eve94: Eve Kim
Frank333: Frank Gonzalez
Grace201: Grace Wong
Gonz01: Gonzalo Gonzalez
Mik01: Mikel Dalmau
Gor01: Gorka Vitoria
Eid01: Eider Iturralde
Eri01: Erik Rodrigues
And01: Ander Maillo
Alv01: Alvaro Calo
Bea01: Beatriz Penas
And02: Andrea Fernandez
Cris01: Cristilaine Rithyele
Luis01: Luis Miguel
Javi: Javier Frias
Iker: Iker Salmon
Alejo: Mikel Alejo Barcina
Igor: Igor Cejudo
Mike673: Mikel Garcia
Jandrol094: Alejandro Andoain
Esti374: Estibaliz Matsuki
Fran451: Francisco Zumalakarregui
ainhize90: Ainhize Goenaga
markel94: Markel Sanz
igor89: Igor Cortes
asdfa59: Asdrubal Farruquito
Aitor001: Aitor Iturrioz
Markel001: Markel Saez_de_Jauregui
Olatz001: Olatz Castano
Markel002: Markel Chen
Maria001: Maria Garcia
Carla001: Carla Aldabaldetrecu
Laura001: Laura Gran
Olivia002: Olivia Olazabal
Leire002: Leire Roa
Marta059: Marta Garcia
jon89: Jon Garrido
guilherme85: Guilherme Bussi
mircea92: Mircea Dumitru
paquito78: Paquito Sanz
CRI57: CRISTI PARADOWSKI
HER20: HERMAN SMITHWICK
OSV49: OSVALDO BRISTER
CHA29: CHAU COLVARD
ETH28: ETHAN VIOREL
RAM35: RAMIRO LAVALLIE
Jon232: Jon Garcia
Mikel34: Jon Mikel Lopez de Haro
Xabi112: Xabier Lete
Roberto22: Roberto Egia
Miriam21: Miriam Cristina de la Sierra
Leire1: Leire Alba-Aguirre
Bizenta223: Bizenta Juaristi
John111: John Obamy
Arantza22: Aranzazu Bidaurreta
Liza99: Elizabeth Taylor-Gardner
Agnetta33: Agnetta Bensson
Gisella11: Gisella Fabricci
